{
	"$schema": "https://raw.githubusercontent.com/martinring/tmlanguage/master/tmlanguage.json",
	"name": "Xsm",
	"patterns": [
		{"include": "#keywords"},
		{"include": "#constant"},
		{"include": "#variable"},
		{"include": "#entity"},
		{"include": "#storage"},
		{"include": "#strings"},
		{"include": "#functions"},
		{"include": "#comment"}
	],
	"repository": {
		"keywords": {
			"patterns": [
				{
					"name": "keyword.control.xsm",
					"match": "\\b(assert|if|else|while|for|loop|switch|case|default|break|continue|return|returni|returnn|call|goto|push|pop|and|xor|or|cp|rlc|rrc|rl|rr|sla|sll|sra|srl|rld|rrd|rlca|rrca|rla|rra|bit|res|set|in|ini|inir|ind|indr|out|outi|outr|outd|outdr|ldi|ldir|ldd|lddr|cpi|cpir|cpd|cpdr|rst|nop|halt|di|ei|im|exx|ex|daa|cpl|neg|ccf|scf|clc|org|package|include|import|define|unsafe|using|debug|on|off|try|catch|finally|throw|move|clear|db|dw|dc|repeat)\\b"
				}
			]
		},
		"constant": {
			"patterns": [
				{
					"name": "constant.numeric.xsm",
					"match": "\\b(\\d+|0x\\h+|0b[01]+|0q[0-3]+)\\b"
				},
				{
					"name": "constant.language.xsm",
					"match": "\\b(true|false)\\b"
				}
			]
		},
		"variable": {
			"patterns": [
				{
					"name": "variable.language.xsm",
					"match": "\\b(?i:ixh|ixl|iyh|iyl|af|bc|de|hl|ix|iy|sp|a|b|c|d|e|h|l|it|rf)\\b|\\$(?i:c|nc|z|nz|pe|po|m|p)\\b"
				}
			]
		},
		"entity": {
			"patterns": [
				{
					"match": "\\b(function|inline)\\s+(\\w+)\\b",
					"captures": {
						"1": {"patterns": [{"include": "#function"}]},
						"2": {"patterns": [{"include": "#functionName"}]}
					}
				}
			],
			"repository": {
				"function": {
					"patterns": [
						{
							"name" : "storage.type.xsm",
							"match": "function|inline"
						}
					]
				},
				"functionName": {
					"patterns": [
						{
							"name": "entity.name.function.xsm",
							"match": "\\w+"
						}
					]
				}
			}
		},
		"storage": {
			"patterns": [
				{
					"name": "storage.type.xsm",
					"match": "\\b(byte|sbyte|int|sint|string|char|struct)\\b"
				},
				{
					"name": "storage.modifier.xsm",
					"match": "\\b(const|unsigned|signed|shadow)\\b|\\(\\+\\)"
				}
			]
		},
		"strings": {
			"patterns": [
				{
					"name": "string.quoted.double.xsm",
					"begin": "\"",
					"end": "\"",
					"patterns": [
						{
							"name": "constant.character.escape.xsm",
							"match": "\\\\."
						}
					]
				},
				{
					"name": "string.quoted.single.xsm",
					"begin": "'",
					"end": "'",
					"patterns": [
						{
							"name": "constant.character.escape.xsm",
							"match": "\\\\x\\h\\h(?=')"
						},
						{
							"name": "constant.character.escape.xsm",
							"match": "\\\\.(?=')"
						},
						{
							"name": "invalid.illegal.xsm",
							"match": "..(?=')"
						},
						{
							"name": "invalid.illegal.xsm",
							"match": "\\\\x\\h(?=')"
						}
					]
				},
				{
					"name": "string.quoted.other.xsm",
					"begin": "`",
					"end": "`"
				}
			]
		},
		"functions": {
			"patterns": [
				{
					"name": "support.function.xsm",
					"match": "\\b(bin|qtr|oct|hex|sizeof|length|offset|debug|error|warn|info|typename)\\b"
				}
			]
		},
		"comment": {
			"patterns": [
				{
					"name": "comment.block.documentation.xsm",
					"begin": "/\\*\\*",
					"end": "\\*/",
					"patterns": [
						{
							"include": "#docblock"
						}
					]
				},
				{
					"name": "comment.block.xsm",
					"begin": "/\\*",
					"end": "\\*/"
				},
				{
					"name": "comment.line.double-dash.xsm",
					"begin": "//",
					"end": "$"
				}
			]
		},
		"docblock": {
			"patterns": [
				{
					"name": "keyword.xsmdoc",
					"match": "@\\w+\\b"
				}
			]
		}
	},
	"scopeName": "source.xsm"
}