{
    "function":  { "prefix": "function",   "body": ["function"],       "description": "関数定義\n\nfunction foo(A) return B using DE,HL {...}\nfunction foo() = 0x100;"  },
    "inline":    { "prefix": "inline",     "body": ["inline"],         "description": "インライン関数定義\n\ninline foo(bar) return A {...}"                             },
    "repeat":    { "prefix": "repeat",     "body": ["repeat"],         "description": "繰り返しマクロ\n\n repeat(8) {...}"                                               },
    "if":        { "prefix": "if",         "body": ["if"],             "description": "条件分岐\n\nif(A == 0) {...} else {...}"                                          },
    "else":      { "prefix": "else",       "body": ["else"],           "description": "条件分岐\n\nif(A == 0) {...} else {...}"                                          },
    "switch":    { "prefix": "switch",     "body": ["switch"],         "description": "条件分岐\n\nswitch(A) {\ncase(1) {...}\ncase(2) {...}\ndefault {...}\n}"          },
    "case":      { "prefix": "case",       "body": ["case"],           "description": "条件分岐\n\nswitch(A) {\ncase(1) {...}\ncase(2) {...}\ndefault {...}\n}"          },
    "default":   { "prefix": "default",    "body": ["default"],        "description": "条件分岐\n\nswitch(A) {\ncase(1) {...}\ncase(2) {...}\ndefault {...}\n}"          },
    "while":     { "prefix": "while",      "body": ["while"],          "description": "ループ処理\n\nwhile(A != 0) {...}"              },
    "for":       { "prefix": "for",        "body": ["for"],            "description": "ループ処理\n\nfor(A = 0; A < 10; A++) {...}"    },
    "loop":      { "prefix": "loop",       "body": ["loop"],           "description": "ループ処理(DJNZ)\n\nloop(B) {...}"              },
    "break":     { "prefix": "break",      "body": ["break"],          "description": "現在のループを終了"                             },
    "continue":  { "prefix": "continue",   "body": ["continue"],       "description": "次のループ処理を実行"                           },
    "return":    { "prefix": "return",     "body": ["return"],         "description": "関数の実行を終了して呼び出し元へ復帰する"       },
    "returni":   { "prefix": "returni",    "body": ["returni"],        "description": "割り込み処理からの復帰"                         },
    "returnn":   { "prefix": "returnn",    "body": ["returnn"],        "description": "割り込み処理からの復帰"                         },
    "call":      { "prefix": "call",       "body": ["call"],           "description": "指定ラベルをサブルーチンコールする"             },
    "goto":      { "prefix": "goto",       "body": ["goto"],           "description": "指定ラベルへジャンプする"                       },
    "push":      { "prefix": "push",       "body": ["push"],           "description": "レジスタをスタックへ退避"                       },
    "pop":       { "prefix": "pop",        "body": ["pop"],            "description": "レジスタをスタックから復帰"                     },
    "and":       { "prefix": "and",        "body": ["and"],            "description": "論理積"                                         },
    "xor":       { "prefix": "xor",        "body": ["xor"],            "description": "排他的論理和"                                   },
    "or":        { "prefix": "or",         "body": ["or"],             "description": "論理和"                                         },
    "cp":        { "prefix": "cp",         "body": ["cp"],             "description": "比較"                                           },
    "rlca":      { "prefix": "rlca",       "body": ["rlca"],           "description": "左ローテート"                                   },
    "rla":       { "prefix": "rla",        "body": ["rla"],            "description": "左ローテート(キャリー含む)"                     },
    "rlc":       { "prefix": "rlc",        "body": ["rlc"],            "description": "左ローテート"                                   },
    "rl":        { "prefix": "rl",         "body": ["rl"],             "description": "左ローテート(キャリー含む)"                     },
    "rrca":      { "prefix": "rrca",       "body": ["rrca"],           "description": "右ローテート"                                   },
    "rra":       { "prefix": "rra",        "body": ["rra"],            "description": "右ローテート(キャリー含む)"                     },
    "rrc":       { "prefix": "rrc",        "body": ["rrc"],            "description": "右ローテート"                                   },
    "rr":        { "prefix": "rr",         "body": ["rr"],             "description": "右ローテート(キャリー含む)"                     },
    "sla":       { "prefix": "sla",        "body": ["sla"],            "description": "左シフト"                                       },
    "sll":       { "prefix": "sll",        "body": ["sll"],            "description": "未定義命令"                                     },
    "sra":       { "prefix": "sra",        "body": ["sra"],            "description": "右シフト(符号付き)"                             },
    "srl":       { "prefix": "srl",        "body": ["srl"],            "description": "右シフト"                                       },
    "rld":       { "prefix": "rld",        "body": ["rld"],            "description": "BCDの1桁左シフト"                               },
    "rrd":       { "prefix": "rrd",        "body": ["rrd"],            "description": "BCDの1桁右シフト"                               },
    "bit":       { "prefix": "bit",        "body": ["bit"],            "description": "ビット判定"                                     },
    "res":       { "prefix": "res",        "body": ["res"],            "description": "ビットを0にする"                                },
    "set":       { "prefix": "set",        "body": ["set"],            "description": "ビットを1にする"                                },
    "in":        { "prefix": "in",         "body": ["in"],             "description": "外部入力"                                       },
    "ini":       { "prefix": "ini",        "body": ["ini"],            "description": "外部入力(HL+1,B-1)"                             },
    "inir":      { "prefix": "inir",       "body": ["inir"],           "description": "外部入力(HL+1,Bが0になるまで)"                  },
    "ind":       { "prefix": "ind",        "body": ["ind"],            "description": "外部入力(HL-1,B-1)"                             },
    "indr":      { "prefix": "indr",       "body": ["indr"],           "description": "外部入力(HL-1,Bが0になるまで)"                  },
    "out":       { "prefix": "out",        "body": ["out"],            "description": "外部出力"                                       },
    "outi":      { "prefix": "outi",       "body": ["outi"],           "description": "外部出力(HL+1,B-1)"                             },
    "outr":      { "prefix": "outr",       "body": ["outr"],           "description": "外部出力(HL+1,Bが0になるまで)"                  },
    "outd":      { "prefix": "outd",       "body": ["outd"],           "description": "外部出力(HL-1,B-1)"                             },
    "outdr":     { "prefix": "outdr",      "body": ["outdr"],          "description": "外部出力(HL+1,Bが0になるまで)"                  },
    "ldi":       { "prefix": "ldi",        "body": ["ldi"],            "description": "ブロック転送(DE+1,HL+1,BC-1)"                   },
    "ldir":      { "prefix": "ldir",       "body": ["ldir"],           "description": "ブロック転送(DE+1,HL+1,BCが0になるまで)"        },
    "ldd":       { "prefix": "ldd",        "body": ["ldd"],            "description": "ブロック転送(DE-1,HL-1,BC-1)"                   },
    "lddr":      { "prefix": "lddr",       "body": ["lddr"],           "description": "ブロック転送(DE-1,HL-1,BCが0になるまで)"        },
    "cpi":       { "prefix": "cpi",        "body": ["cpi"],            "description": "比較(HL+1,BC-1)"                                },
    "cpir":      { "prefix": "cpir",       "body": ["cpir"],           "description": "比較(HL+1,BCが0になるまで)"                     },
    "cpd":       { "prefix": "cpd",        "body": ["cpd"],            "description": "比較(HL-1,BC-1)"                                },
    "cpdr":      { "prefix": "cpdr",       "body": ["cpdr"],           "description": "比較(HL-1,BCが0になるまで)"                     },
    "rst":       { "prefix": "rst",        "body": ["rst"],            "description": "リスタート"                                     },
    "nop":       { "prefix": "nop",        "body": ["nop"],            "description": "何もしない"                                     },
    "halt":      { "prefix": "halt",       "body": ["halt"],           "description": "停止"                                           },
    "di":        { "prefix": "di",         "body": ["di"],             "description": "割り込み禁止"                                   },
    "ei":        { "prefix": "ei",         "body": ["ei"],             "description": "割り込み許可"                                   },
    "im":        { "prefix": "im",         "body": ["im"],             "description": "割り込みモード"                                 },
    "exx":       { "prefix": "exx",        "body": ["exx"],            "description": "裏レジスタ交換(BC/DE/HL)"                       },
    "ex":        { "prefix": "ex",         "body": ["ex"],             "description": "レジスタ交換"                                   },
    "daa":       { "prefix": "daa",        "body": ["daa"],            "description": "10進補正命令"                                   },
    "cpl":       { "prefix": "cpl",        "body": ["cpl"],            "description": "1の補数(ビット反転)"                            },
    "neg":       { "prefix": "neg",        "body": ["neg"],            "description": "2の補数(ビット反転+1)"                          },
    "ccf":       { "prefix": "ccf",        "body": ["ccf"],            "description": "キャリーの反転"                                 },
    "scf":       { "prefix": "scf",        "body": ["scf"],            "description": "キャリーのセット"                               },
    "clc":       { "prefix": "clc",        "body": ["clc"],            "description": "キャリーのクリア(疑似命令)"                     },
    "move":      { "prefix": "move",       "body": ["move"],           "description": "ブロック転送(疑似命令)"                         },
    "clear":     { "prefix": "clear",      "body": ["clear"],          "description": "ブロッククリア(疑似命令)"                       },
    "db":        { "prefix": "db",         "body": ["db"],             "description": "バイトデータの定義"                             },
    "dw":        { "prefix": "dw",         "body": ["dw"],             "description": "ワードデータの定義"                             },
    "dc":        { "prefix": "dc",         "body": ["dc"],             "description": "文字列データの定義"                             },
    "org":       { "prefix": "org",        "body": ["org"],            "description": "配置アドレスの設定"                             },
    "include":   { "prefix": "include",    "body": ["include"],        "description": "外部ファイルを取り込みその場に挿入する"         },
    "import":    { "prefix": "import",     "body": ["import"],         "description": "外部ファイルを参照する"                         },
    "unsafe":    { "prefix": "unsafe",     "body": ["unsafe"],         "description": "A/HLレジスタの暗黙的使用を許可\n\nunsafe {\n  BC += DE;\n}"    },
    "using":     { "prefix": "using",      "body": ["using"],          "description": "レジスタの自動PUSH/POP\n\nusing(HL) {\n  HL = 10;\n}"          },
    "debug":     { "prefix": "debug",      "body": ["debug"],          "description": "コンパイル中のアセンブラを出力\n\ndebug on;"                   },
    "try":       { "prefix": "try",        "body": ["try"],            "description": "例外処理\n\ntry {\n  throw 1;\n} catch(A) {\n} finally {\n}"   },
    "catch":     { "prefix": "catch",      "body": ["catch"],          "description": "例外処理\n\ntry {\n  throw 1;\n} catch(A) {\n} finally {\n}"   },
    "finally":   { "prefix": "finally",    "body": ["finally"],        "description": "例外処理\n\ntry {\n  throw 1;\n} catch(A) {\n} finally {\n}"   },
    "throw":     { "prefix": "throw",      "body": ["throw"],          "description": "例外処理\n\ntry {\n  throw 1;\n} catch(A) {\n} finally {\n}"   },
    "byte":      { "prefix": "byte",       "body": ["byte"],           "description": "変数定義\n\nbyte foo = 1;\nbyte[2][3] foo = {{0,1,2},{3,4,5}};"             },
    "sbyte":     { "prefix": "sbyte",      "body": ["sbyte"],          "description": "変数定義(符号あり)\n\nsbyte foo = -1;\nsbyte[2][3] foo = {{0,1,2},{3,4,5}};"    },
    "int":       { "prefix": "int",        "body": ["int"],            "description": "変数定義\n\nint foo = 1;\nint[2][3] foo = {{0,1,2},{3,4,5}};"                   },
    "sint":      { "prefix": "sint",       "body": ["sint"],           "description": "変数定義(符号あり)\n\nsint foo = -1;\nsint[2][3] foo = {{0,1,2},{3,4,5}};"  },
    "char":      { "prefix": "char",       "body": ["char"],           "description": "変数定義(文字列型)\n\nchar foo = 'A';\nchar[6] = \"Hello\"; // NULL終端\nchar[5] = @\"Hello\"; // 非NULL終端"     },
    "string":    { "prefix": "string",     "body": ["string"],         "description": "変数定義(文字型)\n\nstring foo = \"Hello\"; // NULL終端\nstring foo = @\"Hello\"; // 非NULL終端"                  },
    "struct":    { "prefix": "struct",     "body": ["struct"],         "description": "構造体定義\n\nstruct foo {\n  char bar1;\n  int bar2;\n}"       },
    "const":     { "prefix": "const",      "body": ["const"],          "description": "定数定義\n\nconst int foo = 1;\nconst string foo = \"Hello\";"  },
    "signed":    { "prefix": "signed",     "body": ["signed"],         "description": "キャスト\n\n(signed)A\n(+)A"                                   },
    "shadow":    { "prefix": "shadow",     "body": ["shadow"],         "description": "投影型"                                                        },
    "bin":       { "prefix": "bin",        "body": ["bin"],            "description": "データ定義関数(2進)\n\nbyte[] data = bin(\"00000000\" + \"11,11,11,11\"); "   },
    "qtr":       { "prefix": "qtr",        "body": ["qtr"],            "description": "データ定義関数(4進)\n\nbyte[] data = qtr(\"0123,0123\");"                     },
    "hex":       { "prefix": "hex",        "body": ["hex"],            "description": "データ定義関数(16進)\n\nbyte[] data = hex(\"FF,FF\");"                        },
    "from":      { "prefix": "from",       "body": ["from"],           "description": "データ定義関数(ファイル)\n\nbyte[] hodatage = from(\"image.dat\");"           },
    "sizeof":    { "prefix": "sizeof",     "body": ["sizeof"],         "description": "サイズを求めます。\n\nint[10] data;\nA = sizeof(data);  // A = 20"            },
    "length":    { "prefix": "length",     "body": ["length"],         "description": "要素数を求めます。\n\nint[10] data;\nA = length(data);  // A = 10"            },
    "offset":    { "prefix": "offset",     "body": ["offset"],         "description": "構造体メンバーの先頭からのオフセット値を求めます。\n\nA = offset(FCB.fileSize[0]); // A = 15"        },
    "error":     { "prefix": "error",      "body": ["error"],          "description": "コンパイル時にログ出力します(error)\n\nerror(\"message\"); "                  },
    "warn":      { "prefix": "warn",       "body": ["warn"],           "description": "コンパイル時にログ出力します(warn)\n\nwarn(\"message\");"                     },
    "info":      { "prefix": "info",       "body": ["info"],           "description": "コンパイル時にログ出力します(info)\n\ninfo(\"message\");"                     },
    "typename":  { "prefix": "typename",   "body": ["typename"],       "description": "型名を取得します(マクロ用)\n\ninline foo(param) {\n  if(typename(param) == \"string\") info(\"文字です\");\n  if(typename(param) == \"int\")    info(\"数値です\");     // リテラル数値指定は全てintになります。\n  if(typename(param) == \"A\")\n  info(\"レジスタです\");  // レジスタ\n  if(typename(param) == \"byte\")   info(\"byte型です\");   // 変数\n} " },
    "on":        { "prefix": "on",         "body": ["on"],             "description": ""                                                                             },
    "off":       { "prefix": "off",        "body": ["off"],            "description": ""                                                                             },
    "true":      { "prefix": "true",       "body": ["true"],           "description": ""                                                                             },
    "false":     { "prefix": "false",      "body": ["false"],          "description": ""                                                                             },
    "A":         { "prefix": "A",          "body": ["A"],              "description": "Aレジスタ"          },
    "B":         { "prefix": "B",          "body": ["B"],              "description": "Bレジスタ"          },
    "C":         { "prefix": "C",          "body": ["C"],              "description": "Cレジスタ"          },
    "D":         { "prefix": "D",          "body": ["D"],              "description": "Dレジスタ"          },
    "E":         { "prefix": "E",          "body": ["E"],              "description": "Eレジスタ"          },
    "H":         { "prefix": "H",          "body": ["H"],              "description": "Hレジスタ"          },
    "L":         { "prefix": "L",          "body": ["L"],              "description": "Lレジスタ"          },
    "IXL":       { "prefix": "IXL",        "body": ["IXL"],            "description": "IXLレジスタ"        },
    "IXH":       { "prefix": "IXH",        "body": ["IXH"],            "description": "IXHレジスタ"        },
    "IYL":       { "prefix": "IYL",        "body": ["IYL"],            "description": "IYLレジスタ"        },
    "IYH":       { "prefix": "IYH",        "body": ["IYH"],            "description": "IYHレジスタ"        },
    "BC":        { "prefix": "BC",         "body": ["BC"],             "description": "BCレジスタ"         },
    "DE":        { "prefix": "DE",         "body": ["DE"],             "description": "DEレジスタ"         },
    "HL":        { "prefix": "HL",         "body": ["HL"],             "description": "HLレジスタ"         },
    "IX":        { "prefix": "IX",         "body": ["IX"],             "description": "IXレジスタ"         },
    "IY":        { "prefix": "IY",         "body": ["IY"],             "description": "IYレジスタ"         },
    "RF":        { "prefix": "RF",         "body": ["RF"],             "description": "RFレジスタ"         },
    "IT":        { "prefix": "IT",         "body": ["IT"],             "description": "ITレジスタ"         },
    "SP":        { "prefix": "SP",         "body": ["SP"],             "description": "ITレジスタ"         }
}